txt,title,temp_index
"https://doi.org/10.1007/s10846-022-01676-3 
REGULAR PAPER 
Trajectory Planning and¬†Optimization for¬†Minimizing Uncertainty  in¬†Persistent Monitoring Applications 
Michael¬†Ostertag1 ¬†¬∑ Nikolay¬†Atanasov1¬†¬∑ Tajana¬†Rosing2 
Received: 6 January 2022 / Accepted: 10 June 2022  ¬© Springer Nature B.V. 2022 
Abstract This paper considers persistent monitoring of environmental phenomena using unmanned aerial vehicles (UAVs). The  objective is to generate periodic dynamically feasible UAV trajectories that minimize the estimation uncertainty at a set of  points of interest in the environment. We develop an optimization algorithm that iterates between determining the observation periods for a set of ordered points of interest and optimizing a continuous UAV trajectory to meet the required observation periods and UAV dynamics constraints. The interestpoint visitation order is determined using a Traveling Salesman  Problem (TSP), followed by a greedy optimization algorithm to determine the number of observations that minimizes the  maximum steadystate eigenvalue of a Kalman filter estimator. Given the interestpoint observation periods and visitation  order, a minimumjerk trajectory is generated from a bilevel optimization, formulated as a convex quadratically constrained  quadratic program. The resulting Bspline trajectory is guaranteed to be feasible, meeting the observation duration, maximum velocity and acceleration, region enter and exit constraints. The feasible trajectories outperform existing methods by  achieving comparable observability at up to 47% higher travel speeds, resulting in lower maximum estimation uncertainty. 
Keywords Informative path planning¬†¬∑ Persistent monitoring¬†¬∑ Aerial systems: perception and autonomy 
1 Introduction 
Persistent sensing and data collection is important for tracking environmental phenomena such as atmospheric pollution  [1, 2] and wildfire ignition at the wildlandurban interface  [3, 4]. Early detection of dangerous conditions is a critical factor in mitigating damages to ecological systems and  human infrastructure [5]. Persistent monitoring methods  have utilized satellite data, humanpiloted aircraft, and networks of stationary sensors, optimizing their placement for a  
variety of resource constraints [6‚Äì9]. Satellite data is often at  too low resolution (e.g. pixel widths of 1 km for MODIS and  375 m for VIIRS) or too infrequent to detect rapidly emerging trends [10‚Äì13]. Regular flights of humanpiloted vehicles  is useful for ongoing tracking efforts in localized regions but  is too expensive for largescale monitoring. Dense sensor  deployments can monitor the environment effectively but as  the size of the region grows, sensor network deployment and  maintenance can quickly become cost prohibitive. Stationary  sensing networks also suffer from information redundancy  since many environmental phenomena are highly temporally  and spatially correlated. Recent persistent monitoring research has focused on  developing motion planning and control techniques for  mobile sensing robots, such as unmanned aerial vehicles  (UAVs), that can monitor large environments and deliver  highfrequency, highresolution data more effectively  [14‚Äì22]. Technological advancements in sensing, computation, and communication enable UAVs to supply critical  realtime data for a variety of applications, depending on the  equipped visual, thermal, chemical, or depth sensors. The goal of persistent monitoring is to minimize estimation uncertainty by planning an optimal trajectory for  
 * Michael Ostertag    mosterta@ucsd.edu 
  Nikolay Atanasov  
  natanasov@eng.ucsd.edu 
  Tajana Rosing  
  tajana@ucsd.edu 
1  Department of¬†Electrical and¬†Computer Engineering,  University of¬†California, San Diego, 9500 Gilman Drive,  La¬†Jolla¬†92093, CA, USA 
2  Department of¬†Computer Science and¬†Engineering,  University of¬†California, San Diego, 9500 Gilman Drive,  La¬†Jolla¬†92093, CA, USA 
/ Published online: 16 August 2022 
Journal of Intelligent & Robotic Systems (2022) 106: 2 
the sensing platforms. Probabilistic filtering techniques  are employed to integrate the sensed information over time  into an estimate the signal of interest. Kalman filtering is  commonly used [22, 23], including generalizations such  as extended and unscented Kalman filtering [24], particle  filtering [25], and variational inference [26]. Researchers in persistent monitoring have used a variety  of objective functions for quantifying the effectiveness of  an informative trajectory. We chose to minimize the maximum eigenvalue of the steadystate covariance matrix,  which intuitively represents a bound on the uncertainty of  the model at any POI and is commonly referred to as the  spectral radius or Eoptimality [27]. Other potential objective functions include the trace of the covariance matrix,  which is the sum of the uncertainty, or the determinant of  the covariance matrix, which is the volume of uncertainty  [28]. By optimizing for the steadystate uncertainty, the  developed controller may perform suboptimally for initial  cycles of a periodic traversal of a trajectory, but it can be  shown that the uncertainty evolution converges at an exponential rate from any initial covariance to a cyclic pattern  of values (Sec IV.A in [29]). Our previous work [22] proposes an initial solution  for a UAV flying along a prescribed sensing trajectory.  The objective was to plan a velocity profile along the path  that minimizes the maximum eigenvalue of the estimation  covariance matrix of a Kalman filter. In contrast to other  works, which only optimize to minimize the revisitation  frequency [30], the method balances the number of consecutive measurements at a point with the frequency of  visitation. While the generated trajectory obeyed maximum velocity constraints of the UAV, the sensing trajectory was not continuous, and resulted in paths that were  infeasible to follow (Fig.¬†1). 
Contributions We present a planner for feasible trajectories  for persistent monitoring with UAVs. Modern approaches  [14, 22, 23, 31] ignore the dynamics of monitoring platforms, resulting in violations of full observability assumptions during simulations with controllers that track a trajectory. In contrast, our proposed feasible Trajectory  Optimization for Persistent monitoring (fTOP) plans a  trajectory, adhering to a UAV‚Äôs dynamic constraints while  minimizing estimation uncertainty, with the following  contributions: 
1. Bilevel optimization that plans a minimumjerk, three  times continuously differentiable trajectory that minimizes steadystate estimation uncertainty, 2. Greedy Knockdown Algorithm to determine the optimal number of observations of each POI to minimize  worstcase bound on estimation uncertainty for periodic  sampling, 
3. Secondorder cone program (SOCP) for calculating  Bspline trajectory coefficients that enforce constraints  of vehicle dynamics. 
The remaining paper is organized as follows. Section¬†2  outlines related work relevant to trajectory planning for persistent monitoring. Section¬†3 describes the problem formulation. Section¬†4 provides background information necessary  for the formulation of our optimization. Section¬†5 describes  our optimization approach for planning feasible trajectories.  Section¬†6 compares our proposed method against baseline  and existing works. The paper concludes with Section¬†7. 
2  Related Work 
Our contribution is at an intersection of several related  research areas in persistent monitoring. Inspired by the periodic sensing results from the stationary sensing literature [8,  9], we extend Kalman filter convergence results to persistent  monitoring scenarios. We focus on planning dynamically  feasible trajectories for robotic sensing platforms that better meet observability assumptions, which are commonly  assumed but often unachieveable in existing works without  significant reduction in robot performance. In this section,  we provide a brief overview of relevant literature in sensor  scheduling, trajectory planning for persistent monitoring,  and feasible trajectories. 
Fig. 1  Our proposed fTOP algorithm attempts to plan trajectories  that adhere to the dynamic constraints of the system, resulting in trajectories that can be tracked and remaining within the sensing distance of a POI. The FirstOrder and Direct Planner generate infeasible trajectories with discontinuities in the velocity profile 
2   Page 2 of 19 Journal of Intelligent & Robotic Systems (2022) 106: 2 
2.1  Sensor Scheduling 
In sensor scheduling, a group of stationary sensors attempts  to measure and approximate a phenomenon in a resourceefficient manner by selecting a subset of sensors to sample at  each time step. Initial work calculates bounds on the estimation uncertainty by forming sensor scheduling as a convex  problem problem and creating heuristic and openloop policies [6, 32]. Zhao et¬†al. [29] advance the sensor scheduling  problem for infinite time horizons, proving that for linear  Gaussian processes and sensing functions the steadystate  solution is independent of initial estimation covariance and  the optimal estimation can be approximated arbitrarily close  by a finite, periodic schedule. Greedy scheduling algorithms  work well in many cases, approaching optimal results at  reduced computational complexity. Jawaid and Smith [7]  leverage submodularity of the estimation error to show that  greedy approaches can approach optimal results, and additional efforts prove greedy algorithms can be optimal for  specific cases of uncorrelated noise [8, 9]. The primary difference between persistent monitoring  with robotic agents and sensor scheduling is that there is  a nonnegligible switching cost between targets for robotic  sensing platforms, which must physically move to measure  new regions. Despite the difference, we can leverage and  extend sensor scheduling results [9, 29] by modeling our  POIs as uncorrelated and proposing a finite, periodic schedule with an additional period where no observations occur. 
2.2  Trajectory Planning for¬†Persistent Monitoring 
Instead of relying on fixedposition sensors for estimation,  an alternate costeffective approach for sensing across a large  area is UAVmounted sensors [33]. The simplest formulation  of persistent monitoring a set of discrete POIs is the patrol  problem [34], where every POI must be visited with the  objective of minimizing time between revisits. Minimizing  time between revisits results in a nearoptimal strategy when  all POIs have equivalent uncertainty in state transitions, but  are suboptimal when the POIs have different uncertainty  characteristics. For POIs with varying rates of uncertainty, persistent  monitoring trajectories can be planned that optimize one of  several different metrics of uncertainty, such as maximum  eigenvalue, log determinant, or trace of an estimate covariance matrix [28]. Decomposing trajectory generation into  separate path planning and velocity control problems allows  for developing optimal solutions for constrained problems  with reduced complexity [35]. The first approaches for planning persistent monitoring trajectories optimize wait times,  visit orders, and velocity along a given 1-dimensional path. For a given 1-dimensional path, the persistent monitoring  problem can be simplified into calculating a required length  
of observation time at each POI prior to travelling to the  next. The length of observation time is modelled based on  different accumulation and clearing models of uncertainty.  Smith et¬†al. [14] represent uncertainty at POIs is modelled  as a linear, continuous accumulation model with uncertainty  reduction directly proportional to the time spent measuring a  point, planning a periodic velocity as a composition of basis  functions that minimized the maximum accumulation value.  Similar works expand the concepts to different uncertainty  accumulation models that clear in linear proportion to the  distance of nearby robotic platforms [15] and for symmetric,  nonlinear accumulation models [16]. Ostertag et¬†al. [22]  plans a velocity along a prescribed trajectory by determining the optimal dwell times using a greedy application of  an Kalman filter at an infinitetime horizon. Researchers  have planned trajectories in twodimensional space using  the concept of infinitesimal perturbation analysis, which  approximates the gradient of the cost function but with limited guarantees of optimality [18, 20]. Related to persistent monitoring is the field of informative trajectory planning where a robotic agent optimizes for  information gain while travelling through an environment  but does not necessarily measure POIs periodically or with  full observability. A common formulation is the orienteering  problem [36], whereby an agent travels along a graph and  collects rewards for visiting locations, attempting to maximize the reward with a limited resource spent on each edge  taken. For problems formatted on continuous planes, optimal  solutions are NPhard, but recent work in samplingbased  path planning [19, 37, 38] and finitehorizon, searchbased  path planning [39] show promising results for exploration  problems, which are similar but not immediately applicable  to persistent monitoring. 
2.3  Trajectory Representation for¬†UAVs 
When dealing with real UAV systems, trajectory continuity is important to consider since trajectories with abrupt  changes in velocity or acceleration, such as are common  in simple waypoint paths, will result in high tracking error  when a UAV is operating at high velocities. Continuous trajectories are more complicated to solve, so researchers have  simplified the problem into graph searches using a discrete  number of fixed motion primitives [40, 41]. While these  approaches are useful for planning realtime actions due to  the limited number of movement patterns, they are almost  always suboptimal. To handle the complexity of developing continuous trajectories, researchers have formulated the trajectory optimization as finding coefficients for a set of basis functions. By  limiting to searching for the set of coefficients, the solution  space is sufficiently limited to formulate the problem in a  tractable manner. Objective functions commonly minimize  
Page 3 of 19    2 Journal of Intelligent & Robotic Systems (2022) 106: 2 
the snap (4th derivative) [40, 42‚Äì45] or jerk (3rd derivative)  [46, 47] of the trajectory. Quadrotors are differentially flat  [48], meaning that for a selected set of trajectory parameters,  typically position in three dimensions and yaw, the control  inputs can be precisely calculated from the first three derivatives of the trajectory. Initial work in developing trajectories for quadrotors uses  piecewise polynomial basis functions. The polynomial basis  functions have issues with numerical stability and are difficult to fit to nonlinear constraints on maximum velocity  and acceleration. Mellinger et¬†al. [42] formulate the optimization as a quadratic program optimizing for coefficients of  piecewise twotime continuously differentiable polynomial  basis curves, solving for an arbitrary time range and scaling  to meet any required constraints. The constraints are linear, however, and checked only at discrete time instances,  which results in a large number of linear constraints and  no guarantee of meeting maximum velocity or acceleration  constraints. Mueller et¬†al. [40] resolves the numerical stability of polynomial basis functions by for end point conditions  instead of coefficients, proving a simple mapping between  end point conditions and the coefficients. Richter et¬†al. [44]  improves the speed to solve the optimization by solving an  unconstrained quadratic optimization followed by a check  on constraints. Polynomial bases are numerically illconditioned for complex paths, and as the order of the polynomial  increases to meet pathing demands, properties such as curvature and the extrema of derivatives must be found using  numerical rootfinding methods. To solve the shortcomings of polynomial basis functions,  researchers began exploring Bezier curves and Bsplines.  This class of curves are defined by a set of control points, are  numerically stable, and have beneficial properties of convexity and linear formulation of derivatives. The last property  enables simple calculation for a bound on the maximum  magnitude of lower order derivatives. Bsplines have a limited support for any given point in time with the support  transition in accordance to a set of coefficients called knots.  The limited support enables further numerical stability and  complex maneuvers. Ding et¬†al. [49] leverage the properties  of Bsplines to efficiently solve for a path using a kinodynamic search and elastic optimization to fine tune control  points. Zhou et¬†al. [50] utilize a similar method, but model  the path as a nonuniform Bspline with an iterative time  adjustment method, adjusting the knot spacing to achieve  more aggressive trajectories. Due to the convex hull property  of Bsplines, both methods place constraints on the control  points to avoid collisions. Due to the advantages of numerical stability, continuity,  and complex pathing while meeting dynamic constraints  able to meet dynamic constraints of a robotic platform,  we plan our trajectories by developing optimizations for  the control points of Bsplines. Unlike [50], our proposed  
trajectory optimization minimizes the magnitude of jerk,  which enables simple computation for a 4thorder Bspline. 
3  Problem Formulation 
Given a set of points of interest (POIs) in the environment,  we focus on planning a dynamically feasible trajectory for a  quadrotor robot to estimate a timedependent value of interest at these points with minimum uncertainty. Prior to stating the problem formally, we define the environment model,  quadrotor dynamics, and the sensing model. The paper follows the convention of denoting matrices by capitalized bold  symbols A and vectors by lowercase bold symbols a. 
3.1  Environment Model 
Consider a set of N POIs spread throughout an environment  Q = {Ìê™1, ..., Ìê™N} where Ìê™i ‚àà ‚Ñù3 . The objective is to track the  values xk = [x1(tk), ..., xN(tk)]‚ä∫ of an environmental phenomenon at the N POIs over discrete time steps tk, tk+ 1, ‚Ä¶. Time  is discretized with sampling frequency fs and associated  period f ‚àí1 s  such that tk+1 = tk + f ‚àí1 s ‚àÄ k ‚àà ‚Ñ§‚â•0 . To simplify  notation, variables that depend on time are denoted with a  subscript k where appropriate, e.g. Ak = A(tk). We assume  the values at each location are independent and time varying  according to the following discretized model: 
where mk are independent increments drawn from a Gaussian distribution with mean value change Œºk and a diagonal  covariance Wf ‚àí1 s . 
3.2  Quadrotor Model 
A quadrotor equipped with a sensor is attempting to estimate  the phenomenon at each POI. The state of the quadrotor  is defined by its orientation R ‚àà SO(3), worldframe position Ìê¨ ‚àà ‚Ñù3 , velocity ÃáÌê¨ ‚àà ‚Ñù3 , acceleration ÃàÌê¨ ‚àà ‚Ñù3 , and jerk  ‚ÉõÌê¨ ‚àà ‚Ñù3 . The control inputs of the quadrotor are the bodyframe thrust f ‚àà ‚Ñù‚â•0 and rotational velocity Ìùé ‚àà ‚Ñù3 , which  are directly related to the rotational velocity of the four  rotors [42]. The quadrotor state evolves with the following  dynamics: 
(1) xk+1 = xk + mk, 
(2) mk ‚àº N(ÌùÅk, Wf ‚àí1 s ), 
(3) ÃàÌê¨ = Re3f‚àïm + ge3, 
(4) ÃáR = R ÃÇÌùé, 
2   Page 4 of 19 Journal of Intelligent & Robotic Systems (2022) 106: 2 
where m is the mass of the quadrotor, g is the acceleration  due to gravity, e3 is the unit vector for zaxis in the world  frame, and ÃÇ‚ãÖ ‚à∂ ‚Ñù3 ‚Ü¶ Ìî∞Ìî¨(3) denotes the hat map, which maps  3-D axisangle vectors to a skewsymmetric matrix. The quadrotor system is differentially flat with respect to  its position s and yaw angle œà states [48]. This means that,  given a desired timeparametrized flat trajectory sd, œàd, we  can recover the control inputs f and œâ that will track the  desired trajectory: 
where Rd and ÃáRd are the desired rotation and rotational  velocity. The desired orientation Rd is obtained from rotation about yaw œàd and desired acceleration ad according to  [42]. The desired rotation and acceleration are provided by  the planned trajectory that is generated in Section¬†5, which  the UAV is attempting to track. The quadrotor has bounds on its velocity and acceleration due to physical constraints. The total thrust that can be  generated by the motors is limited, resulting in a maximum  acceleration bound. To account for the lack of air drag in the  simplified dynamics model, we also introduce a maximum  velocity constraint. Hence, all intended quadrotor trajectories should lie in the admissible set: 
where C3(‚Ñù, ‚Ñù3) denotes the space of threetimes continuously differentiable functions ‚Ñù ‚Ü¶ ‚Ñù3 , vmax is the maximum  velocity magnitude, and amax is the maximum acceleration  magnitude. 
3.3  Sensing Model 
A sensor is mounted on the quadrotor that can sense a POI  qi if it is within a given closed, convex region Bi, which represents the union of all UAV positions such that qi is in the  sensor field of view. An example trajectory and observation  region are shown in Fig.¬†2. The sensor captures observations  with a sampling frequency of fs and each measurement is  corrupted by additive noise: 
(5) f = m‚ÄñÃàÌê¨d + ge3‚Äñ, 
(6) ÃÇÌùé = R‚ä§ d ÃáRd, 
(7) S ‚à∂= {Ìê¨ ‚àà C3(‚Ñù, ‚Ñù3) ‚à£ ‚ÄñÃáÌê¨‚Äñ ‚â§ vmax, ‚ÄñÃàÌê¨‚Äñ ‚â§ amax}, 
(8) yk = Ìêákxk + Ìúº, 
(9) Ìúº ‚àº N(0, V), 
(10) Ìêái,j(tk) = 
{ 
1, i = j and Ìê¨(tk) ‚àà Bi, 
0, otherwise, 
where Hk is a binary observation matrix and Œ∑ is additive,  Gaussian observation noise with a positive semidefinite  covariance matrix V. The matrix Hk models the sensor field  of view by assigning 1 to visible POIs and 0, otherwise.  Equation¬†8 models a sensor that provides direct measurements of the features xk at the POIs. For example, a downwardfacing visiblelight or thermal camera used for vegetation imaging or temperature estimation can be modeled by  Eq.¬†8. The true value of the environmental phenomenon is continuous in time but due to the discretetime observations, xk  is estimated using a discretetime Kalman filter. The filter  maintains a mean estimate zk and a covariance matrix Œ£k,  whose values are predicted using the environment model in  Eq.¬†2 and updated using the sensor measurements and the  sensing model in Eq.¬†8. As shown in Fig.¬†3, the predict stage  incorporates the Gaussian noise of the environment process  to obtain a predicted estimate z‚àí k and associated uncertainty  
Ìö∫‚àí k , and the update stage applies the information gained from  an observation yk to obtain an improved estimate zk with  uncertainty Œ£k. The estimated value is important for data  collection and is introduced for completeness, but our trajectory optimization is only concerned with minimizing the  covariance of the estimation. Despite the discrete updates of  the Kalman filter, the precise values of the covariance matrix  can be calculated at any point t using the following: 
Fig. 2  Persistent monitoring example of 3 POIs and their associated  observation regions. (top) The minimumjerk trajectory must spent  a different amount of time within each observation region to meet  the constraints of 3 observations in B1, 2 observations in B2, and 1  observation in B3. The trajectory is constrained to remain within each  observation region. (bottom) Evolution of the covariance over time.  When not observed, the uncertainty grows linearly in proportion to W  
Page 5 of 19    2 Journal of Intelligent & Robotic Systems (2022) 106: 2 
where ck is the result of the Riccati Kalman filter update and  Œ¥(t ‚àí tk) is the Dirac delta function. Each observation reduces the estimation uncertainty of a  POI by a monotonically decreasing amount. This property of  diminishing returns of the Kalman filter has been exploited  to optimize sensor selection and scheduling in previous  works [8, 9, 51, 52]. As we describe later, the number of  consecutive observations of a POI di will be an important  optimization target due to the inherent trade off between  reducing the uncertainty of individual POIs and reducing  total cycle time, impacting the uncertainty of all POIs as  described in Section¬†4.1. 
3.4  Problem Statement 
Our objective is to plan a trajectory for a sensing quadrotor  that results in a minimum estimation uncertainty across all  POIs. While researchers have used a variety of optimization  goals [28], we choose to minimize the maximum eigenvalue  of the steadystate covariance matrix, which bounds the estimation uncertainty at any POI and is commonly referred to  as Eoptimality [27]. When considering persistent sensing over an infinite time  horizon, optimal trajectories have been proven to be approximately periodic [29]. Hence, we restrict our focus to the  class of periodic trajectories, which maintain full observability of the POIs at every loop. An infinite time horizon  is selected for the optimization goal because any initial  covariance will converge to an infinitehorizon steadystate  condition exponentially fast for a periodic trajectory [29],  removing the influence of initial conditions. Additionally,  
(11) ÃáÌö∫(t) = 
{ 
W + ckùõø(t ‚àí tk) , Ìê¨(tk) ‚àà Bi, 
W , otherwise, 
(12) ck = ‚àíÌö∫kÌêá‚ä∫ 
k (ÌêákÌö∫kÌêá‚ä∫ 
k + V)‚àí1ÌêákÌö∫k, 
we obtain a solution that works for any initial position along  the trajectory, which is equivalent to starting the trajectory at  any point within a sensing period. While suboptimal in some  instances, removing the reliance on specific timing of sampling allows for a lower cycle time and guarantees a computable upper bound for the maximum estimation uncertainty. 
Problem¬†1 (Minimizing Steady‚ÄëState Uncertainty subject  to Trajectory Feasibility Constraints) For a quadrotor with  dynamics in Eqs.¬†3-6 and POIs Q , find a periodic, timeparameterized trajectory s with loop period T to minimize  the maximum eigenvalue ÌúÜ‚àû max of the steadystate Kalman  filter covariance matrix Œ£ that evolves as defined in Eq.¬†11  at an infinitetime horizon for any initial sampling position: 
where S is the admissible set of trajectories defined in Eq.¬†7  and ÌúÜ‚àû max is defined as: 
where ÌúÜmax is the maximum eigenvalue of Œ£. 
Our approach to generating a feasible minimum steadystate uncertainty trajectory considers three subproblems: 
1. Determine POI visitation order, 2. Calculate optimal number of consecutive observations, 3. Generate a dynamically feasible trajectory. 
As outlined in Fig.¬†4, the POI visitation order is calculated  once for a given set of POIs q. Then, the Greedy Knockdown  Algorithm calculates the optimal observation periods d that  minimize the maximum estimation uncertainty. The Feasible  Trajectory Optimizer for Persistent Monitoring (fTOP) calculates minimumjerk trajectories that meet the observation  periods d and dynamic constraints of the system. If the feasible trajectory timing does not match the optimal observation  
(13) 
Ìê¨‚àó = arg min T,Ìê¨ 
(ÌúÜ‚àû max(T, Ìê¨)) 
s.t. Ìê¨ ‚àà S 
(14) ÌúÜ‚àû max(T, Ìê¨) = lim sup 
t‚Üí‚àû 
[ 
max 
t‚â§Ìúè‚â§t+T ÌúÜmax(Ìúè, Ìê¨(Ìúè)) 
] 
Fig. 3  The Riccati update procedure for a discrete Kalman filter consists of two stages: a Predict Stage that updates the mean and covariance of the estimate based on the known system model and an Update  Stage that refines the prediction according to the measured value and  observation noise 
Fig. 4  Algorithm flow of the Feasible Trajectory Optimizer for Persistent Monitoring (fTOP), which computes optimal observation  periods and feasible trajectories in an iterative manner 
2   Page 6 of 19 Journal of Intelligent & Robotic Systems (2022) 106: 2 
periods, then the Greedy Knockdown Algorithm and proposed fTOP algorithm are run iteratively until convergence. 
4  Optimal Observation Lengths 
Our goal is to minimize the estimation uncertainty of a set  of POIs by determining the optimal observation length for  each POI. This presents an interesting trade off; the more  time spent observing any single POI, the more uncertain we  become about the current value of the other POIs. In this section, we outline how to calculate the maximum  eigenvalue of the Kalman filter estimation covariance at  steady state and describe the tradeoff between minimizing loop time and decreasing the uncertainty for a single  POI. Then, we describe an approach to calculate the optimal  observation lengths for a set of POIs. First, we determine an  optimal visitation order for the POIs, which is equivalent to  finding the shortest cyclic path through the POIs. For calculating the optimal observation lengths for each POI, we  implement the Greedy Knockdown Algorithm (GKA) from  our previous work [22] with updated stopping criteria. The  output of GKA is an optimal continuous observation length  for each POI, which is used as a constraint when calculating  feasible paths in Section¬†5. 
4.1  Steady‚ÄëState Kalman Filter Bounds 
For a discrete Kalman filter, a periodic sequence of observations will result in the estimation covariance to converge  exponentially fast [29] to a periodic steadystate covariance  Œ£(t) where for a loop with cycle time T, Œ£(t) = Œ£(t + T) as  t ‚Üí ‚àû . We define the steadystate value for the ith eigenvalue immediately prior and after observation d as ÌúÜ(d) i  and  
ÌúÜ‚àí(d) i  with the maximum value at steadystate ÌúÜi = ÌúÜ(1) i  for  simplicity. For POIs with uncorrelated values, the eigenvalues are ordered such that Œªi corresponds to the maximum  uncertainty of POI qi. The maximum eigenvalue of the  steadystate covariance matrix is guaranteed to be bounded  if every POI is measured at least once per cycle. 
Lemma 1 (Bounded Uncertainty Guarantee 9) If all POIs Q  are observed at least once during a cycle of duration T, the  maximum eigenvalue of the steadystate Kalman filter covariance Œ£ will be bounded as lim t‚Üí‚àûÌúÜmax(t) ‚â§ b for some finite  
constant b. 
During each measurement of POI qi, di ‚àà ‚Ñ§‚â•1 consecutive observations are made where each observation is binary  as described in Eq.¬†10. Additional observations result in a  reduction in uncertainty such that ùúÜ(d+1) i < ùúÜ(d) i  , but the  uncertainty reduction decreases for each observation added  
such that ùúÜ(d) i ‚àí ùúÜ(d+1) i < ùúÜ(d‚àí1) i ‚àí ùúÜ(d) i  . An example of the  evolution of the eigenvalues over time at steady state can  be seen in Fig.¬†2. For uncorrelated POIs at steady state, the reduction in  uncertainty from the di consecutive observations is followed by a linear increase in uncertainty in proportion to  W. The lack of correlation means that each eigenvalue  evolves independently with the same cycle period T. For  the purpose of computing the maximum eigenvalue of the  steadystate covariance, the observations of each POI can  be shifted in time to align, such that the first observation  of each POI occurs at the same time instance. The rearrangement of observation times can be captured by a new  condensed observation matrix ÃÉÌêák where k is the number of  discrete observations. Let Ei be the elementary matrix with  1 at its ith diagonal entry and 0 everywhere else, then ÃÉÌêák  is defined as: 
where ÃÇd = max 
i di . The matrix ÃÉÌêák is a condensed observation  
matrix where ÃÉÌêá1 is the identity matrix, indicating all POIs  are observed at least once, and the last nonzero observation  matrix ÃÉÌêáÃÇd contains 1s for the POIs that had the highest number of observations. With all observations condensed, the  maximum uncertainty for each POI Œªi with the modified time  alignment will occur immediately prior to the application of  ÃÉÌêá1 , which is described more formally in Eq.¬†17. For a periodic cycle where T mod f ‚àí1 s = 0 , the uncertainty can be calculated precisely. Under these conditions,  each observation per loop will be taken at the exact location  as the previous loop. Aperiodic cycles where T mod f ‚àí1 s ‚â† 0  can be converted to periodic by raising T to the nearest f ‚àí1 s   multiple. Using ÃÉÌêák , the worstcase interobservation time is  given as: 
where ‚åà‚ãÖ‚åâ is the ceiling function. For high sampling frequencies, the change in cycle time will result in minimal change  in overall error, but for lower sampling frequencies, which  may occur with slowresponding air quality sensors or certain image processing applications, this rounding can impact  the overall performance of the system. The worstcase steadystate uncertainties ÃÉÌö∫ resulting from  using ÃÉÌêák and ÃÇT forms the following system of equations: 
(15) ÃÉÌêák = 
‚àë 
{i‚à£di‚â•k}ÌêÑi, 1 ‚â§ k < ÃÇd, 
0, ÃÇd ‚â§ k, 
(16) ÃÇT = ‚åàTfs ‚àí ÃÇd‚åâf ‚àí1 
s , 
(17) 
ÃÉÌö∫j = ÃÉÌö∫i+Ìêñf ‚àí1 s ‚àí ÃÉÌö∫i ÃÉÌêái 
( ÃÉÌêá‚ä∫ i ÃÉÌö∫i ÃÉÌêái+Vi 
)‚àí1 ÃÉÌêá‚ä∫ i Ìö∫i ‚àÄ 1 ‚â§ i < ÃÉd, j = i + 1 
ÃÉÌö∫1 = ÃÉÌö∫ÃÇd+Ìêñ ÃÇT ‚àí ÃÉÌö∫ÃÇd ÃÉÌêáÃÇd ( ÃÉÌêá‚ä∫ 
ÃÇd ÃÉÌö∫ÃÇd ÃÉÌêáÃÇd+VÃÇd )‚àí1 ÃÉÌêá‚ä∫ 
ÃÇd ÃÉÌö∫ÃÇd 
Page 7 of 19    2 Journal of Intelligent & Robotic Systems (2022) 106: 2 
where ÃÉÌö∫1 contains the maximum uncertainty for all POIs  immediately prior to the first observation, such that  [ ÃÉÌö∫1]i,i = ùúÜi . For smaller values of ÃÇd , the equations can be  quickly solved directly, but for larger values of ÃÇd , the problem can be solved efficiently using structurepreserving  algorithms [53]. 
Proposition 1 (Uncertainty Bound) If all POIs Q are  observed at least once during a cycle of duration T, the  eigenvalues of the steadystate Kalman filter covariance Œ£  will be bounded as: 
where Œªi is the ith eigenvalue of ÃÉÌö∫1 as calculated in Eq.¬†17  from a modified observation matrix ÃÉÌêá formed from the number of consecutive observations di of each POI in Eq.¬†15 and  the worstcase interobservation time ÃÇT. 
The uncertainty bound can be computed for a worstcase  interobservation time and number of observations for each  POI. The remainder of Section¬†4 explores how the cycle time  and observation periods are selected to minimize this bound. 
4.2  Visitation Order 
The cycle time T can be split into two components: Ti, the  time spent observing qi, and Ti‚Üíi+1 , the travel time between  successive observation regions Bi and Bi+ 1. In this section,  we present a solution for minimizing the interobservation  travel time by formulating the problem as a standard TSP. Modern solutions to the TSP involve minimizing the  total cost to visit all points and finding a Hamiltonian tour  that only visits each POI once. For our application, the cost  between POIs is the time required to travel between them.  A stateoftheart exact TSP solver is Concorde [54], which  leverages LinKernighan heuristics, branchandbound  methods, and other upperand lowerbound methods to  converge to solutions quickly for realworld problems but  still with exponential complexity for worstcase situations. We restrict our trajectory to the class of periodic trajectories that is periodic for position and all higher order derivatives, such that: 
Due to being periodic, the trajectory finishes a loop with  travel from the last qN to the first POI q1. For a given visitation order, the travel time between POIs  can be fixed by selecting entrance and exit points for the  observation region Bi for each POI, which separates the  problem into parallel subproblems of generating a trajectory  
(18) lim t‚Üí‚àûÌúÜmax(t) ‚â§ max i ÌúÜi 
(19) Ìê¨(t + T) = Ìê¨(t), T = 
N ‚àë 
i=1 
( 
Ti + Ti‚Üíi+1 
) . 
segment within each observation region and the trajectory  between consecutive observation regions as illustrated in  Fig.¬†2. Within each Bi, the trajectory segment si(t) begins  at an entrance point Ìê¨in i = Ìê¨i(0) and ends at an exit point  
Ìê¨out i = Ìê¨i(Ti) , both of which are located within the closed  observation region Ìê¨in i , Ìê¨out i ‚àà Bi . When the UAV is not in an  observation region, the estimation uncertainty grows linearly  with time. The interpoint travel time between observation regions is  minimized by minimizing the distance between consecutive,  convex observation regions Bi and Bj while maximizing the  trajectory velocity ‚ÄñÃáÌê¨‚Äñ = vmax with ‚ÄñÃàÌê¨‚Äñ = 0 as follows: 
where Ìê¨in‚àó j  and Ìê¨out‚àó i  are the optimal entrance and exit positions for observation region Bj and Bi, respectively, Ti‚Üíj is  the interpoint travel time, and j = i + 1 mod N closes the  cycle so that the last point leads into the first point in the  visitation order. The distance between regions will be  unique, but in the case where the entrance and exit positions  are not unique, the interpoint trajectory closest to the direct  path from one point to the next is used. The interpoint travel  times Ti‚Üíj are used in calculation of the total loop time and  are input into the Greedy Knockdown Algorithm in  Section¬†4.3. The fixed entrance and exit positions for each observation  region enable the trajectory s to be decomposed into trajectories that are within an observation region si and interpoint  trajectories that are between observation regions Ìê¨i‚Üíj , such  that: 
The interpoint trajectories are fully defined as the linear  interpolation between Ìê¨out‚àó i  and Ìê¨in‚àó j  with ‚ÄñÃáÌê¨‚Äñ = vmax and  
‚ÄñÃàÌê¨‚Äñ = 0 . Continuity is maintained between the trajectory  segments by constraining the trajectory within an observation region to begin at the entrance position and end at the  exit position with 0 acceleration and velocities aligned with  the incoming and outgoing trajectories. By constraining the  trajectory at each entrance and exit position, trajectories  within each observation region can be calculated independent of each other by the optimization outlined in  Section¬†5.2. Although we generate a visitation order by solving a TSP,  the interpoint travel times and entrance and exit positions  can be calculated for any arbitrary visitation order of POIs.  However, the visitation order has a direct impact on the  
(20) Ìê¨in‚àó j , Ìê¨out‚àó i = arg min Ìê¨in 
j ‚ààBj,Ìê¨out 
i ‚ààBi 
‚ÄñÌê¨in 
j ‚àíÌê¨out 
i ‚Äñ 
vmax , 
(21) Ti‚Üíj = 
‚ÄñÌê¨in‚àó 
j ‚àíÌê¨out‚àó 
i ‚Äñ 
vmax , 
(22) Ìê¨ = Ìê¨1 ‚à™ Ìê¨1‚Üí2 ‚à™ Ìê¨2 ‚à™ ‚Ä¶ ‚à™ Ìê¨N ‚à™ Ìê¨N‚Üí1. 
2   Page 8 of 19 Journal of Intelligent & Robotic Systems (2022) 106: 2 
observation periods calculated in Section¬†4.3 and the trajectories generated in Section¬†5, so any change to the visitation order would require reexecuting the iterative trajectory  generation portion of fTOP. 
4.3  Greedy Knockdown Algorithm 
Prior to generating the trajectory si through each observation  region Bi, the length of time spent observing each POI must be  determined. Since we constrict the trajectory to visit each POI  once per cycle for one or more consecutive observations, the  goal is to determine the number of consecutive observations  that will minimize the worstcase steadystate uncertainty. To  accomplish this, we extend the Greedy Knockdown Algorithm from our previous work [22] by updating the method  with an improved stopping criterion and more efficient computation. We chose to implement a greedy algorithms because  they have been shown to be nearoptimal for approximate  supermodular metrics [52], such as the meansquared error  and spectral norm of the estimation covariance matrix, and  optimal when state and sensor noise are uncorrelated [9]. Our proposed solution GKA, shown in Algorithm¬†1, determines the optimal number of observations of each POI di from  the interpoint travel times Ti‚Üíj , the uncertainty in the environmental model W, and the covariance of the noise in the  observation model V. The initial run of GKA leverages the  assumption that each POI is observed at least once and sets di  = 1 ‚àÄ i. Following runs of GKA calculate the number of initial  observations from the minimum traversal time of each subregion, an output of the proposed fTOP algorithm in Section¬†5.2. 
GKA is a greedy algorithm that proceeds in iterations  denoted by a (Algorithm¬†1). The algorithm may progress  for several iterations beyond the optimum, so the iteration  
that contains the optimal number of iterations and the final  iteration may be different. For each iteration, a bound on the maximum steadystate uncertainty for each point is calculated by forming  ÃÉÌêá (Algorithm¬†1 Line 4) and computing the steadystate  uncertainty (Algorithm¬†1 Line 10) using the techniques  outlined in Section¬†4.1. The bound is the result of solving  the nested Kalman filter formulation in Eq.¬†17 with the  special observation matrix ÃÉÌêá . An observation is added  to the POI with the largest estimation uncertainty as  denoted by the ith diagonal element in ÃÉÌö∫ (Algorithm¬†1  Lines 6-8). The algorithm continues until termination conditions are met that guarantee the minimum upperbound  on the maximum eigenvalue has been found. The last step  is to check all iterations and return the optimal number of  observations of each POI di associated with the minimum  upperbound. Each iteration of GKA adds an observation to the POI  with the current maximum estimation uncertainty, and  this addition has competing effects. Firstly, the additional  sequential observation reduces the estimation uncertainty  of the POI being observed. As the number of consecutive  observations of a single POI increases, the uncertainty of  that POI reduces exponentially and asymptotically to the  value that a stationary sensor with the sample sampling  characteristics could achieve if left at the POI. Secondly,  each observation increases the overall cycle time by f ‚àí1 s  (i.e.  
Ta+1 = Ta + f ‚àí1 s  ), resulting in a linear increase in uncertainty  of all other POIs. The GKA stopping criterion in Algorithm¬†1 Line 9 identifies the point when additional observations of a POI can no longer improve the maximum estimation uncertainty (Fig.¬†5). Since the reduction in uncertainty decreases for each subsequently added observation, after some number of observations, the reduction from adding an observation will be less  than the uncertainty increase when an observation is taken  at another point. Once this critical point is reached, GKA  is stopped after the maximum uncertainty for any two following iterations is higher than the maximum uncertainty at  the latch point (Algorithm¬†1 Line 9). Algorithm¬†1 uses the  array notation ÃÉùúÜ[a, ‚à∂] to denote the eigenvalues associated  with iteration a of the algorithm generated with the modified observation matrix ÃÉÌêá . For simplicity in describing the  progression of the algorithm and stopping criterion, it is useful to express the eigenvalues for a specific iteration a and  consecutive observation di in a single term ÃÉùúÜ(di,a) i  . Formally,  the stopping criterion is stated as follows. 
Proposition 2 (GKA Stopping Criterion) For the iterative  Greedy Knockdown Algorithm, the minimum steadystate  uncertainty is reached at an optimal number of observations  d‚àó and associated total number of observations a‚àó. The optimal point is reached at or before any two POIs have reached  
Page 9 of 19    2 Journal of Intelligent & Robotic Systems (2022) 106: 2 
the condition where any additional observation will result in  an increase in uncertainty for either POI such that: 
where ÃÉùúÜ(di,a) i  is the ith eigenvalue of the maximum covariance matrix ÃÉÌö∫1 for di consecutive observations during round  a of GKA and wi = [W]i,i. The stopping point a‚àó is reached  when di ‚â• d‚àó i  for two or more i. Since the maximum eigenvalue for future observations a > a‚àó increases monotonically,  the minimum upperbound of the maximum eigenvalue has  been reached or passed at iteration a‚àó. 
Proof See Appendix A.1 
The result of GKA is the number of observations required  for each POI to minimize the upperbound on the steadystate  uncertainty. Each of the di observations requires a period  of f ‚àí1 s  , which serves as constraints for the length of the  observation period. In the next section, the trajectory optimization generates a smooth trajectory that ensures that the  required observation period while adhering to the dynamic  constraints of the UAV. 
5  Minimum Uncertainty Trajectories 
From the observation lengths calculated by GKA (i.e. dif ‚àí1 s  )  and physical constraints of the platform, we generate a feasible trajectory that meets these constraints while minimizing  the average jerk. As shown in Eq.¬†22, the whole trajectory  can be decomposed into interpoint trajectories and trajectories within an observation region si. The interpoint trajectories are fully defined by a linear interpolation between  consecutive observation regions with maximum velocity  and no acceleration. In this section, we present a method  for generating the remaining trajectories within the observation region using Bspline trajectories to ensure adherence  to constraints on the dynamics of the system, the required  
(23) d‚àó i = arg min 
di 
[ 
ÃÉùúÜ(di,a) i ‚àí ÃÉùúÜ(di+1,a+1) i < wif ‚àí1 s 
] 
observation length, and trajectory continuity at each transition between trajectories within and between observation  regions. First, we present a brief background on Bspline trajectories and then we present our proposed fTOP algorithm  for generating feasible trajectories within each observation  region. 
5.1  B‚ÄëSpline Trajectory 
To generate C3 continuous trajectories that meet constraints  on velocity and acceleration, we leverage a Bspline representation. Bspline curves have an attractive property that  the curve and its derivatives are contained within the convex  hull of their control points and offer controllable levels of  continuity and numerical stability due to their limited, timevarying support. Bsplines are piecewise polynomials defined for each  subregion i by a set of control points Ci, kth order basis  functions Nk(t), and knots œÑj. The kth order basis functions can be calculated using the Coxde Boor algorithm  as follows: 
where  
[Nk(t)] 
j is the jth basis function of Nk(t). Each basis function provides limited support over the  interval œÑj ‚â§ t < œÑj+k. At any given point along the curve,  a Bspline function will have a maximum support of k + 1  different basis functions, transitioning between basis functions at each knot. We focus on developing trajectories with  uniform Bsplines, which have a uniform spacing between  all knots, such that ŒîœÑ = œÑj + 1 ‚àí œÑj. 
(24) Ìê¨i = ÌêÇiNk(t) 
(25) 
[N1(t)] 
j = 
{ 
1 , ùúèj ‚â§ t < ùúèj+1 
0 , otherwise 
(26) 
[Nk(t) ] 
j = 
t‚àíÌúèj Ìúèj+k‚àíÌúèj 
[ Nk‚àí1(t) ] 
j + Ìúèj+k+1‚àít 
Ìúèj+k+1‚àíÌúèj+1 [ Nk‚àí1(t) ] 
j+1, 
Fig. 5  (left) The control points  and resulting trajectory of a  BSpline of order 4 with three  different time points marked  (t = 0.9, t = 1.8, and t = 2.7).  (right) The colorcoded basis  functions Nk(t) corresponding  to each control point. Note that  at any time point, the position  is calculated from a weighted  average of up to 4 control points  and the current value of the  basis function 
2   Page 10 of 19 Journal of Intelligent & Robotic Systems (2022) 106: 2 
At the transition points defined by the knots œÑk, the curve  has Ck‚àí 1 continuity. The derivative of the Bspline bases  results in a linear combination of lower order bases, which  can be succinctly represented as: 
where Ci is a matrix of the control points, A(a) is a Toeplitz  matrix that captures the relationship between C and the control points of the ath derivative C(a), and Nk ‚àí 1(t) is vector  of the value of each basis function at time t. For the derivation of Eq.¬†27 see Appendix A.2. ‚àë Due to the fact that the basis functions sum to unity  jNj,k(t) = 1 , ‚àÄt, the value of a function defined by Bsplines  will remain within the convex hull created by the control  points of the support. As shown in Eq.¬†27, the derivative In  the case where a robotic platform has the same maximum  allowable velocity and acceleration for the entirety of its  trajectory, the constraints are guaranteed to be met if the  magnitude of all control points c are less than the limiting  value (i.e. vmax or amax as defined in S). 
5.2  Trajectory Optimization with¬†f‚ÄëTOP 
Trajectories that are optimized to be informative must take  the dynamic constraints of the sensing platform into account.  If a trajectory cannot be followed and observation locations  are different from planned, the resulting uncertainty in an  estimate can be arbitrarily bad. Our proposed Feasible Trajectory Optimization for Persistent Monitoring (fTOP) takes  the point order and required number of observations for each  POI and generates a feasible trajectory that guarantees the  correct number of observations are taken within each sensing region while meeting dynamic constraints of the UAV. The proposed fTOP optimization has a multiobjective  formulation, primarily to minimize the maximum steadystate uncertainty as formulated in Eq.¬†13 and secondarily to  provide the smoothest possible path as shown in Eq.¬†28a. By  applying the results from Section¬†4.2 and the output of GKA  from Section¬†4.3, minimizing the maximum steadystate  uncertainty can be simplified to minimizing the total travel  time subject to constraints on entrance and exit conditions in  Eq.¬†28c and the minimum number of required observations  in Eq.¬†28e for each observation region. The secondary objective of a smooth path is formulated  as a minimization of the L2-norm of the jerk of the trajectory with a feasibility constraint that the trajectory remains  within the valid state space S as defined in Eq.¬†7. By restricting the trajectory s to S in Eq.¬†28b, the maximum velocity  and acceleration are bounded by the limits of the platform.  
(27) daùê¨(t) 
dta = 
( 
1 
ŒîÌúèa 
) 
ùêÇiùêÄ(a)Nk‚àí1(t), 
As smoothness is a secondary objective, the coefficient ùúñ can  be set arbitrarily small so that it does not affect the primary  goal. The full multiobjective formulation is as follows: 
where the trajectory is segmented as described in Eq.¬†22.  Note that since GKA assumes that the UAV remains within  the observation region of a POI for a continuous period of  time, the additional constraint of si ‚àà Bi is applied. The optimization and constraints from Eq.¬†28a can be  reformulated using Bsplines into a quadratically constrained  quadratic program (QCQP). The primary objective is simplified by removing the interpoint travel times Ti‚Üíj , which  are constant due to the entrance and exit constraints, and  the time within each observation region is updated with the  number of control points and a fixed, uniform knot spacing  such that Ti = MiŒîœÑi. The secondary objective of minimum  jerk is converted into a linear relationship of control points  using Eq.¬†27, which form a convex hull of achievable values  for the trajectory derivatives. For the special case of a 4thorder Bspline with k = 4, the objective can be simplified  into a quadratic form (see¬†Appendix A.3) as shown below: 
s.t. Eqs. (28b) and (28c) 
where ÌêÇi ‚àà ‚ÑùMi√ó3 is the matrix of all control points and  ci,j is a vector of the jth control point for the ith observation region, A(3) is a thirdorder Toeplitz matrix capturing the relationship between control points of Bspline  derivatives as in Eq.¬†27, the first and second order control points are computed as ÃáÌêúij = (Ìêúij ‚àí Ìêúi(j‚àí1))‚àïŒîùúèi and  ÃàÌêúij = (Ìêúij ‚àí 3Ìêúi(j‚àí1) + 3Ìêúi(j‚àí2) ‚àí Ìêúi(j‚àí3))‚àïŒîùúè2 i  , i ‚àà{1,...,N} is the  POI index, and j ‚àà{1,...,Mi} is the interior control point  index. Note that Mi only refers to the control points within  the observation region. When implementing, k ‚àí 1 additional control points must be added outside of the observation region to define the entrance and exit conditions  in Eq.¬†28c where si is computed from control points and  Bspline basis functions as described in Eq.¬†24. 
(28a) minÌê¨ 
N‚àë 
i=1 
 
Ti + Ti‚Üíi+1 
 
+ ùúñ ‚à´ ‚Äñ‚ÉõÌê¨(t)‚Äñ2dt 
(28b) s.t. Ìê¨ ‚àà S 
(28c) Ìê¨in i = Ìê¨in‚àó i Ìê¨out i = Ìê¨out‚àó i ‚àÄ i 
(28d) Ìê¨i ‚àà Bi ‚àÄ i 
(28e) Ti =‚à´ {t‚à£Ìê¨(t)‚ààBi}1 dt ‚â• difs ‚àÄ i, 0‚â§t<T 
(29a) min 
ÌêÇi,Mi,ŒîÌúèi 
N‚àë 
i=1 
 
MiŒîÌúèi + ÌúñÌêÇ‚ä∫ i ÌêÄ(3)ÌêÄ(3)‚ä∫ÌêÇi 
 
(29b) cij ‚àà Bi ‚àÄ i, j 
(29c) ‚Äñ ÃáÌêúij‚Äñ2 ‚â§ vmax ‚ÄñÃàÌêúij‚Äñ2 ‚â§ amax ‚àÄ i, j 
(29d) MiŒîÌúèi ‚â• di‚àïfs ‚àÄ i 
Page 11 of 19    2 Journal of Intelligent & Robotic Systems (2022) 106: 2 
The objective of the optimization problem in Eq.¬†29a  has a linear and a quadratic component that defines the  meansquare of the jerk with quadratic constraints on the  magnitude of position, velocity, and acceleration. This  form of QCQP can be efficiently solved by modern convex optimization solvers with interiorpoint methods [55].  While the problem is solvable, the constraints of the problem are restrictive with many values of ŒîœÑ resulting in  infeasible conditions. The feasibility of the constraints is  closely linked to the time that the robotic platform remains  within the observation region MiŒîœÑ, the size of the observation region Bi, and the dynamic constraints. Larger Mi  values result in more flexibility in the planner in terms of  the number of control points, and so long as the robotic  platform can remain within the sensing region of a point,  which is determined by vmax and amax , and has a sufficient  number of control points, then it can meet the enter and  exit constraints of the region of interest. To better optimize the search for a feasible domain, we  introduce a bilevel formulation of the optimization problem  with slack variables that guide the selection of appropriate  Mi and ŒîœÑ values. The outer problem controls the number  of control points and knot spacing while the inner problem  minimizes the slack of the constraints, which is added to  provide direct information for how close the solver is to a  feasible solution. The inner problem refits the constraints  from Eq.¬†29a with slack variables for the velocity constraint  œÄv, acceleration constraint œÄa, and overall slack œÄ. The  outer problem can adjust Mi and ŒîœÑi with gradient descent  methods to better approximate good values for subsequent  iterations. The inner problem is defined for a given observation region Bi as a secondorder cone program (SOCP) as  follows: 
s.t. Eqs. (28b), (28c), and (29b) 
where ÃáÌêú(x) ij  , ÃáÌêú(y) ij  , and ÃáÌêú(z) ij  represent the first, second, and  third entry of ÃáÌêúij , respectively, œÄi is an upperbound on the  slack, ùúñœÄ is an added weight to the acceleration, and the  slacked constraints are formulated as a secondorder cone.  An ndimensional quadratic cone is defined as: 
(30a) f(Mi, ŒîÌúèi) = min ÌêÇi 
Œ†i + ÌúñÌúãÌúã(a) 
i + ÌúñÌêÇ‚ä∫ i ÌêÄ (3) ÌêÄ (3)‚ä∫ÌêÇi 
(30b) (ùúã(v) i vmax, ÃáÌêú(x) ij , ÃáÌêú(y) ij , ÃáÌêú(z) ij ) ‚àà Q4 ‚àÄj 
(30c) (ùúã(a) i amax, ÃàÌêú(x) ij , ÃàÌêú(y) ij , ÃàÌêú(z) ij ) ‚àà Q4 ‚àÄj 
(30d) Œ†i ‚â• Ìúã(v) i Œ†i ‚â• Ìúã(a) i 
(31) Qn = 
{ 
Ìê± ‚àà ‚Ñùn ‚à£ x1 ‚â• ‚àö 
x2 2 + x2 3 +...+ x2 n 
} 
and the normalized velocity and acceleration constraints are  transformed from Eq.¬†29b to the following form: 
where œÄv and œÄa are the slack for the velocity and acceleration constraints, respectively. While it may look difficult to  solve a SOCP with NMi cone constraints, each region of  interest is independent due to the entrance and exit constraints. Each independent problem results in 2Mi fourthorder cones and a positional constraint to remain within  the convex optimization region, which is easily solvable by  modern standards. The final bilevel optimization consists of a higher level  controller that sets the knot spacing and number of control  points that are guided to a feasible region and a set of independent lowerlevel problems that depend on knot spacing  and number of control points f(Mi,ŒîœÑi) that can be solved in  parallel as follows: 
where the inner problem f(ŒîœÑi,Mi) is defined in Eq.¬†30a. In the inner problem objective statement in Eq.¬†30a, the  reason for an added focus on minimizing the maximum  acceleration is twofold. First, the minimum normalized  slack on velocity (œÄv) is 1 since the entrance and exit conditions for each observation region have the UAV travelling at  vmax . In order to further guide good solutions after the slack  in velocity has been removed, an additional focus needs to  be added to the acceleration slack. Secondly, the maximum  acceleration along a trajectory has a large impact on the  ability of a UAV to track a trajectory since maximum acceleration is directly linked to the maximum force produced by  the motors, which is a limiting factor on performance. The  further the acceleration is from the upper limit, the better a  UAV can recover from tracking errors. It is important to note that the minimum sensing time  
dif ‚àí1 s  may differ from the amount of time it takes to traverse the region of interest ŒîœÑiMi. When they differ (i.e.  ŒîœÑi‚â†ŒîœÑiMi), the GKA from Section¬†4.3 is rerun with the  new minimum traversal times to determine if a more optimal  series of observations can be obtained. The iteration continues until convergence, which is achieved when the Greedy  Knockdown Algorithm maintains its number of observations  for two consecutive cycles. 
(32) ‚Äñ ÃáÌêúij‚Äñ2‚àïvmax ‚â§ ùúãv 
(33) ‚ÄñÃàÌêúij‚Äñ2‚àïamax ‚â§ ùúãa 
(34a) min Mi,ŒîÌúèi 
N‚àë 
i=1 
f(Mi, ŒîÌúèi) 
(34b) s.t. MiŒîÌúèi ‚â• di‚àïfs ‚àÄ i 
2   Page 12 of 19 Journal of Intelligent & Robotic Systems (2022) 106: 2 
6  Simulation Results 
6.1  Simulation Setup 
We evaluate the fTOP algorithm against three baseline algorithms in a simulated scenario requiring monitoring a set of  randomly distributed points over a 50 acre region (450-by- 450 m). We assume the environmental model from Eq.¬†2 is  zero mean and distribute the covariance growth W in accordance to a Chisquared distribution. We vary the number of  points in the region between 10 and 80, which can represent  points that an expert selects as useful for inputting into an  environmental model in the air quality example or points  that have high probability of event detection from thermal  or RGB camera sensors in forest fire detection scenarios. Each POI can be measured within a 10 m circular observation region that does not overlap with the observation  regions of other POIs. The circular region approximates the  performance of a UAV that is mounted with a camera on a  gimbal system. Despite aggressive maneuvers, the camera  can remain pointed at the POI. We use a UAV model based  on a commercially available Phantom 4 quadrotor, which has  a mass of 1.216 kg, maximum velocity of 20 m/s, maximum  acceleration of 19.2 m/s2, and battery life of 20 min. The  maximum acceleration is the maximum magnitude in the  XY plane, which was calculated using the maximum lift  capability and required lift to maintain altitude against the  acceleration due to gravity. During simulation, limits were  placed on each motor individually. Aggressive maneuvers at  the acceleration limit can result in tracking instability when  using a realistic controller. The test configurations include the maximum velocity and  acceleration and more conservative configurations in 10%  steps for maximum velocities vmax ‚àà {10, 12, 14, 16, 18, 20}  m/s and two maximum acceleration configurations at 90%  and 100% with amax ‚àà {17.3, 19.2} . Each test configuration was run for 10 randomly drawn configurations for the  expected battery lifetime of the platform (20 min), which  resulted in a variable number of average loops, dependent  on maximum velocity and number of POIs. 
6.2  Comparison Algorithms 
We compared fTOP to three baseline approaches: a naive  constant max velocity speed controller (Constant), a velocity controller obtained using the algorithm proposed by  [14] with uncertainty decay estimates equal to a firstorder  approximation of a Kalman filter (Linear), and a velocity  controller that leverages the GKA but without feasibility  constraints, similar to [22] (GKA 2019). The Constant method calculates the visitation order by  solving a TSP as described in Section¬†4.2 and then traverses  
the POIs at maximum velocity. The method assumes linear  travel between successive points and does not take observations or dynamic constraints into consideration. These  assumptions lead to trajectories with instantaneous velocity  changes at each POI, which results in tracking errors due to  the dynamic limits of the UAV, and potentially unobserved  points at higher maximum velocities or for POIs with small  observation regions. The Linear method is based on the uncertainty models  used in [14], which include a linear increase in uncertainty  when a POI is not being observed and a linear decrease when  it is. Since the steady state uncertainty of the Kalman filter  is achieved when, for each loop, the reduction in uncertainty  equals the increase in uncertainty for each cycle of the loop,  a firstorder approximation of the reduction rate of the discrete Kalman filter is the product of the loop decrease and  the sampling rate, i.e., TWfs where W is the uncertainty  growth from Eq.¬†2 and T is the loop time at steady state.  A UAV trajectory is obtained using the velocity controller  proposed by Smith et¬†al. [14]. While Linear is an improvement over Constant, it still lacks a guarantee that all points  of interest will be observed. The GKA 2019 method calculates a POI visitation order  by solving a TSP as described in Section¬†4.2, and optimizes  the velocity profile over the resulting path using [22]. The  method attempts to meet the required observation periods  by reducing velocity within the regions of interest. The  method plans a trajectory that minimizes an upper bound  on the steadystate error, but like the Constant and Linear  methods, GKA 2019 generates trajectories with instantaneous velocity changes. 
6.3  Results 
All results for the Constant, Linear, GKA 2019, and fTOP  trajectory planners were captured for the same POI placement and uncertainty growth rates. The minimum upper  bound on the steadystate error was approximated by the  maximum eigenvalue of the covariance matrix of the estimation over the last loop of each test. All uncertainty results  were normalized to the bound on max uncertainty of the  fTOP algorithm. Linear, GKA 2019, and fTOP guarantee that each POI  will be observed at least once by remaining within the observation region for each POI longer than the sampling period.  The Constant planner lacks this guarantee of observability  because it travels at maximum velocity. Due to the cyclic  nature of the plans, not observing a POI results in an unstable condition whereby the uncertainty for the unobserved  POI will grow unboundedly. 
Page 13 of 19    2 Journal of Intelligent & Robotic Systems (2022) 106: 2 
Despite that the trajectories are optimized to visit all  POIs, when the plans are followed by a nonlinear, geometric  controller [56] that obeys the UAV dynamics, the actual coverage can differ from the planned coverage. The Constant,  Linear, and GKA 2019 plan trajectories without incorporating acceleration limits, resulting in trajectories that cannot be followed. When POIs were sufficiently far from each  other, the UAV controller converged to the planned trajectories during the straight flight segments between observation regions. As the number of POIs increased, resulting in  a dense configuration that required high agility, the Constant, Linear, and GKA 2019 trajectories regularly resulted  in missing observations of POIs. Examples of trajectories  and differences between planned and actual coverage can be  seen in Fig.¬†6, and a quantitative comparison between the  planned and simulated trajectories is provided as the Max  XY Error in Table¬†1. Paths planned by fTOP at the performance limits (i.e.  
vmax = 20 m/s and amax = 19.2 m/s2 ) also suffered from  tracking errors. This is due to a mismatch between maximum magnitude constraints on the dynamics with which  the trajectories are constructed and the actual drone model,  which includes limits on the maximum force for each motor.  Depending on the maneuver, the required correction to follow the desired trajectory can max out the force ability of an  individual motor. For paths further within the performance  limits, the proposed fTOP algorithm generates paths that  can be followed more reliably. The actualized coverage, which is the percentage of  POIs that received at least one observation per loop, can be  observed in Fig.¬†7 and Table¬†1. As the maximum allowable  velocity increases, the coverage of the POIs drops. For the  plans that do not obey maximum acceleration constraints  
(i.e. Constant, Linear, GKA 2019), the UAV can only  achieve 50% of the maximum velocity before reaching unstable conditions. The plans by fTOP incorporate maximum  acceleration constraints, resulting in plans that are feasible.  Several variants of plans were generated for maximum acceleration amax values of 90% and 100% of the maximum listed  accelerations. Despite the lower loop time of the the naive (Constant)  and baseline (Linear and GKA 2019) methods, the maximum uncertainty, Max Covar as seen in Table¬†1, is substantially worse than the result of fTOP due to the actualized coverage of the planned trajectories. By incorporating  maximum acceleration constraints and planning feasible  paths, the robotic platforms are able travel 47% faster while  maintaining the same coverage. The higher achievable speed  results in lower average loop times for a given coverage level  and a significant improvement in maximum uncertainty of  the measurement at each POI. Note that the Max Covar is  normalized to the minimum eigenvalue from any method for  a given trial, such that a value of 0.0 means that the method  had the minimum uncertainty for a single trial. The best performing method was the fTOP algorithm  with acceleration limited to 90% of the maximum value of  the platform. Despite the slightly improved loop times of  fTOP with higher accelerations, the trajectories planned to  the limit of the system resulted in errors due to the imprecise  tracking of the controller, which updated the trajectory plan  online at 100 Hz, causing compounding error when operating at the system limited in complex maneuvers. By limiting  the maximum acceleration and velocity to 90% of the maximum value of the platform, the controller was better able to  control the system and achieve the required observations in  a minimum time. 
Fig. 6  Simulated trajectories for a quadrotor robot obtained from  the constant velocity, GKA 2019, and proposed fTOP methods. The  POIs are shown with their associated sensing regions (light gray).  
Subplots (a) - (d) focus on regions that highlight the differences in  the methods and how the performance of the proposed fTOP method  enables more observations 
2   Page 14 of 19 Journal of Intelligent & Robotic Systems (2022) 106: 2 
Fig. 7  Comparison of methods showing the impact of not planning  with higherorder dynamic constraints. Increasing maximum velocity  constraint results in naive planners creating infeasible trajectories that  result in missing observations. As a region increases in numbers of  
POIs, the maneuvers to measure all points become more aggressive,  resulting in naive methods requiring significantly lower speeds to  achieve similar average observability. Results generated are average  of 10 random trials for each condition 
Table 1  Statistics for each simulated method for 10 randomized  distributions of 80 POIs with random uncertainty growth rates.¬† A  graphical summary of important results can be seen in Fig.¬†7 (right).  Max Covar is the maximum eigenvalue of estimation covariance nor- 
malized to the smallest maximum eigenvalue from any algorithm for  the same trial. Max XY Error is the maximum distance between the  planned and simulated trajectory for any time point in the given trial.  Coverage is the percentage of POIs with at least one observation 
The bolded entries highlight test configurations where the controller was unable to follow the planned trajectory 
Method Constraints Max Covar (%) Max XY Error (m) Coverage (%) Loop Time (s) 
vmax amax Avg Min Max Avg Min Max Avg Min Max Avg 
Constant 10 ‚Äì 79.7 36.8 379.5 21.5 14.3 53.0 99.6 97.5 100.0 327.6 12 ‚Äì 169.1 20.7 449.9 29.5 21.8 52.4 97.3 90.0 100.0 273.0 14 ‚Äì 308.0 175.0 419.4 45.9 28.6 > 100 90.1 82.5 97.5 234.0 16 ‚Äì 400.0 332.6 465.4 >100 50.6 > 100 68.5 0.0 82.5 204.7 Linear 10 ‚Äì 79.7 36.8 379.5 21.5 14.3 53.0 99.6 97.5 100.0 327.6 12 ‚Äì 164.9 20.7 449.9 29.0 21.8 52.4 97.5 90.0 100.0 273.0 14 ‚Äì 295.7 91.0 419.4 44.5 28.7 82.1 89.5 81.2 96.2 234.0 16 ‚Äì 378.8 292.7 465.4 >100 50.6 > 100 75.0 61.3 85.0 204.7 GKA 2019 10 ‚Äì 55.7 38.7 117.8 18.8 14.4 24.5 99.8 97.5 100.0 332.6 12 ‚Äì 153.7 22.3 365.8 27.9 20.4 52.7 97.9 93.8 100.0 280.8 14 ‚Äì 304.6 116.6 442.8 44.7 26.3 91.2 89.4 80.0 96.2 242.8 16 ‚Äì 364.5 268.6 442.8 62.9 36.3 94.1 78.9 71.2 86.2 215.0 fTOP 12 17.3 29.0 11.3 163.3 7.7 5.8 10.0 100.0 100.0 100.0 266.6 (90% accel) 14 17.3 80.7 0.0 379.5 13.0 8.8 19.9 99.3 96.2 100.0 238.2 16 17.3 59.0 0.0 312.0 13.3 8.1 21.8 99.3 97.5 100.0 222.1 18 17.3 131.4 0.0 352.9 23.6 10.3 73.6 97.6 93.8 100.0 222.0 fTOP 12 19.2 51.1 0.0 377.5 10.3 6.2 16.2 99.8 98.8 100.0 264.4 (100% accel) 14 19.2 128.1 4.4 379.5 66.0 7.1 > 100 98.2 95.0 100.0 235.0 16 19.2 154.1 3.0 328.8 19.3 12.2 25.6 96.5 92.5 100.0 216.8 18 19.2 169.7 25.6 343.6 44.3 14.4 > 100 95.4 85.0 100.0 209.3 
Page 15 of 19    2 Journal of Intelligent & Robotic Systems (2022) 106: 2 
7  Conclusion 
Persistent monitoring using mobile robotic platforms  offers substantial benefits over stationary sensors and lowresolution satellite imagery. When planning trajectories  for UAVs, it is critical to optimize for observation periods and to constrain the trajectory to meet the dynamics  constraints of the sensing platform to ensure a feasible  trajectory. The fTOP method generates optimal observation periods using the Greedy Knockdown Algorithm  and forms continuous, feasible trajectories by optimizing the control points and time knots of a Bspline in a  novel bilevel formulation. The resulting trajectories have  guarantees on their position, velocity, and acceleration,  meeting provided constraints. Simulations for randomized  POI distributions show that the trajectories planned using  the fTOP framework outperform related methods, achieving the same level of observability at 47% higher travel  speeds, resulting in significant performance gains. Future work will focus on applying the fTOP algorithm  in physical experiments. For persistent monitoring in the  real world, the generated trajectory must involve rendezvous with a recharging station at regular intervals, placing additional requirements for the planned trajectories.  Online replanning would be needed to deal with dynamic  obstacles or changing objectives. Lastly, the fTOP algorithm could be extended to include environmental models  that capture measurement correlation. 
Appendix  
A.1 GKA Stopping Criterion (Section¬†4.3) 
For uncorrelated POIs, each additional observation results  in a decrease in the eigenvalue of estimation uncertainty  for a POI, such that ùúÜ(di‚àí1,a) i > ùúÜ(di,a) i  where ÌúÜ(di,a) i  is the  eigenvalue associated with the estimation uncertainty of  POI qi for di observations and a total observations. An  additional observation of a different point qj results in an  uncertainty increase as ùúÜ(di,a+1) i > ùúÜ(di,a) i + wif ‚àí1 s  for j‚â†i. To  see this relationship, note that ÌúÜ(di,a) i = Ìúå(ÌúÜ(di,a) i ) + awif ‚àí1 s   where œÅ(‚ãÖ) is the reduction in uncertainty due to an added  observation, a known monotonic function. When a POI meets the stopping condition  
ùúÜ (d‚àó 
i i ,a) ‚àí ùúÜ 
(d‚àó 
i i +1,a+1) < wif ‚àí1 s  , then it follows that  
ùúÜ (d‚àó 
i i ,a) < ùúÜ 
(d‚àó 
i i +1,a+1) + wif ‚àí1 
s < ùúÜ(d‚àó+1,a+2) i  , which states that  when the stopping condition is met, the uncertainty Œªi can  only increase after the set of observations at qi and at any  other POI. In GKA, an observation is added to the POI  with the highest uncertainty. When any two or more POI  
meet the stopping condition, then adding an observation  to any POI that meets the stopping criterion will result in  an overall increase in uncertainty. 
A.2 B‚ÄëSpline Derivatives (Section¬†5.1) 
The derivative for a Bspline is defined as: 
For uniform spacing ŒîœÑ = œÑj + 1 ‚àí œÑj, the derivative simplifies as: 
where A(1) captures the interaction between basis functions. With A(a) capturing the linear interaction between  basis functions for derivative a, further derivatives take  the form: 
A.3 B‚ÄëSpline Objective Reformulation (Section¬†5.2) 
The primary objective from from Eq.¬†28a can be simplified  by noting that Ti‚Üíi+1 is constant and will not affect the minimization goal and that Ti = MiŒîœÑi. The secondary objective,  the average jerk power, can be replaced by the linear combination of control points and bases in Eq.¬†27. The result is  an updated cost function as follows: 
The secondary objective can be further modified for the  specific case of minimizing the square of jerk magnitude  for k = 4. For a 4rdorder representation of position, the 3rd  derivative results in a basis function of order 1, which is  either 1 for œÑi ‚â§ t < œÑi + 1 and 0 otherwise as shown in Eq.¬†25.  Since the limited domain of the base does not overlap with  
(35) Ãás(t) = 
Mi‚àë 
j=1 
Ìêúi,j dNk(t) 
dt 
(36) 
[ 
dNk(t) 
dt 
] 
j = k 
( 
[Nk‚àí1(t)]j Ìúèj+k‚àíÌúèj ‚àí [Nk‚àí1(t)]j+1 Ìúèj+k+1‚àíÌúèj+1 
) 
(37) 
[ 
dNk(t) 
dt 
] 
j = 1 ŒîÌúè 
([Nk‚àí1(t)]j ‚àí [Nk‚àí1(t)]j+1 
) 
(38) Ãás(t) = 
Mi‚àë 
j=1 
Ìêúi,j Œîùúè 
[Nk‚àí1(t)]j ‚àí [Nk‚àí1(t)]j+1 
 
(39) = 1 ŒîÌúè ÌêÇiÌêÄ(1)Nk‚àí1(t) 
(40) das(t) 
dta = 
( 
1 
ŒîÌúèa 
) 
ÌêÇiÌêÄ(a)Nk‚àí1(t) 
(41) 
minc, ŒîÌúè, Mi 
N‚àë 
i=1 
 MiŒîÌúèi + Ìúñ 
ŒîÌúè6 i ÌêÇ‚ä∫ i ÌêÄ(3)‚à´ Nk‚àí3N‚ä∫ k‚àí3dt ÌêÄ(3)‚ä∫ÌêÇi 
 
2   Page 16 of 19 Journal of Intelligent & Robotic Systems (2022) 106: 2 
any other base, the outer product of the 0thorder basis function results in I and the integral results in ŒîœÑI, where I is the  identity matrix as seen below: 
Since ùúñ is an arbitrarily small scale factor, we incorporate 1/Mi and 1/ŒîœÑ5 into ùúñ, resulting in the reformulated  objective: 
Author Contributions Conceptualization: Michael H. Ostertag, Nikolay  Atanasov; Methodology: Michael H. Ostertag, Nikolay Atanasov;  Software, investigation, and analysis: Michael H. Ostertag; Writing  - original draft preparation: Michael H. Ostertag; Writing - review  and editing: Michael H. Ostertag, Nikolay Atanasov, Tajana Rosing;  Supervision: Nikolay Atanasov, Tajana Rosing 
Funding We gratefully acknowledge support from the National Science  Foundation National Robotics Initiative (CNS-1830399). 
Code Availability The custom code used for generating the results  found in this paper can be accessed at https:// github. com/ UCSD-  SEELab/ persi stentmonit oring. 
Declarations  
Conflict of¬†Interests The authors have no relevant financial or nonfinancial interests to disclose. 
Open Access This article is licensed under a Creative Commons Attribution 4.0 International License, which permits use, sharing, adaptation, distribution and reproduction in any medium or format, as long  as you give appropriate credit to the original author(s) and the source,  provide a link to the Creative Commons licence, and indicate if changes  were made. The images or other third party material in this article are  included in the article‚Äôs Creative Commons licence, unless indicated  otherwise in a credit line to the material. If material is not included in  the article‚Äôs Creative Commons licence and your intended use is not  permitted by statutory regulation or exceeds the permitted use, you will  need to obtain permission directly from the copyright holder. To view a  copy of this licence, visit http:// creat iveco mmons. org/ licen ses/ by/4. 0/. 
References 
 1. Alvear, O., Zema, N.R., Natalizio, E., Calafate, C.T.: Using uavbased systems to monitor air pollution in areas with poor accessibility. J. Adv. Transp. 2017. https:// doi. org/ 10. 1155/ 2017/ 82043  53 (2017) 
 2. Alvear, O., Calafate, C.T., Zema, N.R., Natalizio, E., Hern√°ndezOrallo, E., Cano, J. -C., Manzoni, P.: A discretized approach  
(42) ‚à´ Nk‚àí3N‚ä∫ k‚àí3dt = ‚à´ N0N‚ä∫ 0dt = ŒîÌúèÌêà 
(43) min 
ÌêÇi,Mi,ŒîÌúèi 
N ‚àë 
i=1 
( 
MiŒîÌúèi + ÌúñÌêÇ‚ä∫ i ÌêÄ(3)ÌêÄ(3)‚ä∫ÌêÇi 
) 
to air pollution monitoring using uavbased sensing. Mob.  Netw. Appl. 23(6), 1693‚Äì1702 (2018). https:// doi. org/ 10. 1007/  s11036- 018- 1065-4 
 3. Allison, R.S., Johnston, J.M., Craig, G., Jennings, S.: Airborne  optical and thermal remote sensing for wildfire detection and  monitoring. Sensors 16(8), 1310 (2016). https:// doi. org/ 10. 3390/  s1608 1310 
 4. Bushnaq, O.M., Chaaban, A., AlNaffouri, T.Y.: The role of uaviot networks in future wildfire detection. IEEE Internet of Things  Journal. https:// doi. org/ 10. 1109/ JIOT. 2021. 30775 93 (2021) 
 5. Aslan, Y.E., Korpeoglu, I., Ulusoy, √ñ.: A framework for use of  wireless sensor networks in forest fire detection and monitoring.  Comput. Environ. Urban. Syst. 36(6), 614‚Äì625 (2012). https:// doi.  org/ 10. 1016/j. compe nvurb sys. 2012. 03. 002 
 6. Le Ny, J., Feron, E., Dahleh, M.A.: Scheduling continuoustime  kalman filters. IEEE Trans. Autom. Control 56(6), 1381‚Äì1394  (2011). https:// doi. org/ 10. 1109/ TAC. 2010. 20959 70 
 7. Jawaid, S.T., Smith, S.L.: Submodularity and greedy algorithms  in sensor scheduling for linear dynamical systems. Automatica  61, 282‚Äì288 (2015). https:// doi. org/ 10. 1016/j. autom atica. 2015.  08. 022 
 8. Asghar, A.B., Jawaid, S.T., Smith, S.L.: A complete greedy  algorithm for infinitehorizon sensor scheduling. Automatica 81,  335‚Äì341 (2017). https:// doi. org/ 10. 1016/j. autom atica. 2017. 04. 018 
 9. Zhang, H., Ayoub, R., Sundaram, S.: Sensor selection for kalman  filtering of linear dynamical systems: complexity, limitations and  greedy algorithms. Automatica 78, 202‚Äì210 (2017). https:// doi.  org/ 10. 1016/j. autom atica. 2016. 12. 025 
 10. Justice, C., Giglio, L., Korontzi, S., Owens, J., Morisette, J., Roy,  D., Descloitres, J., Alleaume, S., Petitcolin, F., Kaufman, Y.: The  modis fire products. Remote Sens. Environ. 83(1-2), 244‚Äì262  (2002). https:// doi. org/ 10. 1016/ S0034- 4257(02) 00076-7 
 11. Koltunov, A., Ustin, S.L., Prins, E.M.: On timeliness and accuracy  of wildfire detection by the goes wfabba algorithm over california  during the 2006 fire season. Remote Sens. Environ. 127, 194‚Äì209  (2012). https:// doi. org/ 10. 1016/j. rse. 2012. 09. 001 
 12. Schroeder, W., Oliva, P., Giglio, L., Csiszar, I.A.: The new viirs  375 m active fire detection data product: Algorithm description  and initial assessment. Remote Sens. Environ. 143, 85‚Äì96 (2014).  https:// doi. org/ 10. 1016/j. rse. 2013. 12. 008 
 13. Koltunov, A., Ustin, S.L., Quayle, B., Schwind, B., Ambrosia,  V.G., Li, W.: The development and first validation of the goes  early fire detection (goesefd) algorithm. Remote Sens. Environ.  184, 436‚Äì453 (2016). https:// doi. org/ 10. 1016/j. rse. 2016. 07. 021 
 14. Smith, S.L., Schwager, M., Rus, D.: Persistent robotic tasks:  Monitoring and sweeping in changing environments. IEEE Trans.  Robot. 28(2), 410‚Äì426 (2012). https:// doi. org/ 10. 1109/ TRO. 2011.  21744 93 
 15. Cassandras, C.G., Lin, X., Ding, X.: An optimal control approach  to the multiagent persistent monitoring problem. IEEE Trans.  Autom. Control 58(4), 947‚Äì961 (2013). https:// doi. org/ 10. 1109/  TAC. 2012. 22255 39 
 16. Song, C., Liu, L., Feng, G., Xu, S.: Optimal control for multiagent persistent monitoring. Automatica 50(6), 1663‚Äì1668  (2014). https:// doi. org/ 10. 1016/j. autom atica. 2014. 04. 011 
 17. Atanasov, N., Le Ny, J., Daniilidis, K., Pappas, G.J.: Information  Acquisition with Sensing Robots: Algorithms and Error Bounds.  In: Robotics and Automation (ICRA), IEEE International Conference On, Pp. 6447‚Äì6454. https:// doi. org/ 10. 1109/ ICRA. 2014.  69078 11 (2014) 
 18. Lin, X., Cassandras, C.G.: An optimal control approach to the  multiagent persistent monitoring problem in twodimensional  spaces. IEEE Trans. Autom. Control 60(6), 1659‚Äì1664 (2015).  https:// doi. org/ 10. 1109/ TAC. 2014. 23597 12 
 19. Lan, X., Schwager, M.: Rapidly exploring random cycles: Persistent estimation of spatiotemporal fields with multiple sensing  
Page 17 of 19    2 Journal of Intelligent & Robotic Systems (2022) 106: 2 
robots. IEEE Trans. Robot. 32(5), 1230‚Äì1244 (2016). https:// doi.  org/ 10. 1109/ TRO. 2016. 25967 72 
 20. Zhou, N., Cassandras, C.G., Yu, X., Andersson, S.B.: Optimal  eventdriven multiagent persistent monitoring with graphlimited  mobility. IFACPapersOnLine 50(1), 2181‚Äì2186 (2017) 
 21. Yu, X., Andersson, S.B., Zhou, N., Cassandras, C.G.: Optimal  dwell times for persistent monitoring of a finite set of targets. In:  American Control Conference (ACC). https:// doi. org/ 10. 23919/  ACC. 2017. 79638 17, vol. 2017, pp 5544‚Äì5549. IEEE (2017) 
 22. Ostertag, M., Atanasov, N., Rosing, T.: Robust velocity control  for minimum steady state uncertainty in persistent monitoring  applications. In: 2019 American Control Conference (ACC).  https:// doi. org/ 10. 23919/ ACC. 2019. 88143 76, pp 2501‚Äì2508.  IEEE (2019) 
 23. Pinto, S.C., Andersson, S.B., Hendrickx, J.M., Cassandras, C.G.:  Optimal periodic multiagent persistent monitoring of a finite set  of targets with uncertain states. In: 2020 American Control Conference (ACC). https:// doi. org/ 10. 23919/ ACC45 564. 2020. 91473  76, pp 5207‚Äì5212. IEEE (2020) 
 24. Metia, S., Oduro, S., Sinha, A.: Pollutant profile estimation using  unscented Kalman filter. In: Advances in Control, Signal Processing and Energy Systems. https:// doi. org/ 10. 1007/ 978- 981- 32- 9346- 5_2, pp 17‚Äì28. Springer (2020) 
 25. Garg, S., Ayanian, N.: Persistent monitoring of stochastic spatiotemporal phenomena with a small team of robots. In: Robotics:  Science and Systems (RSS) Conference. https:// doi. org/ 10. 15607/  RSS. 2014.X. 038, vol. 2014. Robotics: Science and Systems (2014) 
 26. Zhao, S., Ma, Y., Huang, B.: Probabilistic monitoring of sensors in  statespace with variational bayesian inference. IEEE Trans. Ind.  Electron. 66(3), 2154‚Äì2163 (2018). https:// doi. org/ 10. 1109/ TIE.  2018. 28380 88 
 27. Kiefer, J.: Optimum experimental designs. Journal of the Royal Statistical Society: Series B (Methodological) 21(2), 272‚Äì304 (1959).  https:// doi. org/ 10. 1111/j. 2517- 6161. 1959. tb003 38.x 
 28. Yang, C., Kaplan, L., Blasch, E.: Performance measures of covariance and information matrices in resource management for target  state estimation. IEEE Trans. Aerosp. Electron. Syst. 48(3), 2594‚Äì 2613 (2012). https:// doi. org/ 10. 1109/ TAES. 2012. 62376 11 
 29. Zhao, L., Zhang, W., Hu, J., Abate, A., Tomlin, C.J.: On the optimal  solutions of the infinitehorizon linear sensor scheduling problem.  IEEE Trans. Autom. Control 59(10), 2825‚Äì2830 (2014). https://  doi. org/ 10. 1109/ TAC. 2014. 23142 22 
 30. Hari, S.K.K., Rathinam, S., Darbha, S., Kalyanam, K., Manyam,  S.G., Casbeer, D.: Bounding algorithms for persistent monitoring of  targets using unmanned vehicles. In: 2019 International Conference  on Unmanned Aircraft Systems (ICUAS), pp. 615‚Äì621. https:// doi.  org/ 10. 1109/ ICUAS. 2019. 87981 34 (2019) 
 31. Hari, S.K.K., Rathinam, S., Darbha, S., Kalyanam, K., Manyam,  S.G., Casbeer, D.: Persistent monitoring of dynamically changing  environments using an unmanned vehicle (2018) 
 32. Joshi, S., Boyd, S.: Sensor selection via convex optimization. IEEE  Trans. Signal Process. 57 (2), 451‚Äì462 (2008). https:// doi. org/ 10.  1109/ TSP. 2008. 20070 95 
 33. Tang, L., Shao, G.: Drone remote sensing for forestry research and  practices. J. Forestry Res. 26(4), 791‚Äì797 (2015). https:// doi. org/  10. 1007/ s11676- 015- 0088-y 
 34. Portugal, D., Pippin, C., Rocha, R.P., Christensen, H.: Finding optimal routes for multirobot patrolling in generic graphs. In: IEEE/ RSJ International Conference on Intelligent Robots and Systems  (IROS), pp. 363‚Äì369. https:// doi. org/ 10. 1109/ IROS. 2014. 69425 85  (2014) 
 35. Kant, K., Zucker, S.W.: Toward efficient trajectory planning: The  pathvelocity decomposition. Int. J. Robot. Res. 5(3), 72‚Äì89 (1986).  https:// doi. org/ 10. 1177/ 02783 64986 00500 304 
 36. Yu, J., Schwager, M., Rus, D.: Correlated orienteering problem and  its application to persistent monitoring tasks. IEEE Trans. Robot.  32(5), 1106‚Äì1118 (2016). https:// doi. org/ 10. 1109/ TRO. 2016. 25934  50 
 37. Hollinger, G.A., Sukhatme, G.S.: Samplingbased robotic information gathering algorithms. Int. J. Robot. Res. 33(9), 1271‚Äì1287  (2014). https:// doi. org/ 10. 1177/ 02783 64914 533443 
 38. Ghaffari Jadidi, M., Valls Miro, J., Dissanayake, G.: Samplingbased incremental information gathering with applications to  robotic exploration and environmental monitoring. Int. J. Robot.  Res. 38(6), 658‚Äì685 (2019). https:// doi. org/ 10. 1177/ 02783 64919  844575 
 39. Atanasov, N., Le Ny, J., Daniilidis, K., Pappas, G.J.: Decentralized  active information acquisition: Theory and application to multirobot slam. In: 2015 IEEE International Conference on Robotics  and Automation (ICRA). https:// doi. org/ 10. 1109/ ICRA. 2015. 71398  63, pp 4775‚Äì4782. IEEE (2015) 
 40. Mueller, M.W., Hehn, M., D‚ÄôAndrea, R.: A computationally efficient motion primitive for quadrocopter trajectory generation. IEEE  Trans. Robot. 31(6), 1294‚Äì1310 (2015). https:// doi. org/ 10. 1109/  TRO. 2015. 24798 78 
 41. Liu, S., Atanasov, N., Mohta, K., Kumar, V.: Searchbased motion  planning for quadrotors using linear quadratic minimum time control. In: 2017 IEEE/RSJ International Conference on Intelligent  Robots and Systems (IROS). https:// doi. org/ 10. 1109/ IROS. 2017.  82061 19, pp 2872‚Äì2879. IEEE (2017) 
 42. Mellinger, D., Kumar, V.: Minimum snap trajectory generation and  control for quadrotors. In: 2011 IEEE International Conference on  Robotics and Automation. https:// doi. org/ 10. 1109/ ICRA. 2011.  59804 09, pp 2520‚Äì2525. IEEE (2011) 
 43. Tang, M., Tong, R., Wang, Z., Manocha, D.: Fast and Exact Continuous Collision Detection with Bernstein Sign Classification. ACM  Transactions on Graphics 33(6). https:// doi. org/ 10. 1145/ 26612 29.  26612 37 (2014) 
 44. Richter, C., Bry, A., Roy, N.: Polynomial trajectory planning for  aggressive quadrotor flight in dense indoor environments. In: Inaba,  M., Corke, P. (eds.) Robotics Research: The 16th International  Symposium ISRR. Springer Tracts in Advanced Robotics. https://  doi. org/ 10. 1007/ 978-3- 319- 28872-7_ 37, pp 649‚Äì666. Springer  (2016) 
 45. Tang, S., Kumar, V.: Autonomous flight. Annual Review of Control  Robotics, and Autonomous Systems 1(1), 29‚Äì52 (2018). https:// doi.  org/ 10. 1146/ annur evcontr ol- 060117- 105149 
 46. Liu, S., Watterson, M., Mohta, K., Sun, K., Bhattacharya, S.,  Taylor, C.J., Kumar, V.: Planning dynamically feasible trajectories for quadrotors using safe flight corridors in 3-D complex environments. IEEE Robotics and Automation Letters  2(3), 1688‚Äì1695 (2017). https:// doi. org/ 10. 1109/ LRA. 2017.  26635 26 
 47. Liu, S., Mohta, K., Atanasov, N., Kumar, V.: SearchBased motion  planning for aggressive flight in SE(3). IEEE Robot. Autom. Lett.  3(3), 2439‚Äì2446 (2018). https:// doi. org/ 10. 1109/ LRA. 2018. 27956  54 
 48. Van Nieuwstadt, M.J., Murray, R.M.: Realtime trajectory generation for differentially flat systems. International Journal of Robust  and Nonlinear Control 8(11), 995‚Äì1020 (1998). https:// doi. org/ 10.  1002/ (SICI) 1099- 1239(199809) 8: 11% 3C995:: AIDRNC373%  3E3.0. CO;2-W 
 49. Ding, W., Gao, W., Wang, K., Shen, S.: An Efficient BsplineBased  Kinodynamic Replanning Framework for Quadrotors. https:// doi.  org/ 10. 1109/ TRO. 2019. 29263 90 (2019) 
 50. Zhou, B., Gao, F., Wang, L., Liu, C., Shen, S.: Robust and efficient  quadrotor trajectory generation for fast autonomous flight. IEEE  
2   Page 18 of 19 Journal of Intelligent & Robotic Systems (2022) 106: 2 
Robotics and Automation Letters 4(4), 3529‚Äì3536 (2019). https://  doi. org/ 10. 1109/ LRA. 2019. 29279 38 
 51. Tzoumas, V., Jadbabaie, A., Pappas, G.J.: Sensor placement for  optimal kalman filtering: Fundamental limits, submodularity,  and algorithms. In: 2016 American Control Conference (ACC).  https:// doi. org/ 10. 1109/ ACC. 2016. 75249 14, pp 191‚Äì196. IEEE  (2016) 
 52. Chamon, L.F., Pappas, G.J., Ribeiro, A.: Approximate supermodularity of kalman filter sensor selection. IEEE Trans.  Autom. Control 66(1), 49‚Äì63 (2020). https:// doi. org/ 10. 1109/  TAC. 2020. 29737 74 
 53. Chu, E.-W., Fan, H.-Y., Lin, W.-W.: A structurepreserving doubling  algorithm for continuoustime algebraic riccati equations. Linear  Algebra and Its Applications 396, 55‚Äì80 (2005). https:// doi. org/ 10.  1016/j. laa. 2004. 10. 010 
 54. Applegate, D., Bixby, R., Chvatal, V., Cook, W.: Concorde TSP  solver (2006) 
 55. MOSEK ApS: MOSEK Optimizer API for Python 9.3.7. https://  
docs. mosek. com/ latest/ pytho napi/ index. html(2019) 
 56. Lee, T., Leok, M., McClamroch, N.H.: Geometric tracking control  of a quadrotor uav on se (3). In: 49th IEEE Conference on Decision  and Control (CDC). https:// doi. org/ 10. 1109/ CDC. 2010. 57176 52,  pp 5420‚Äì5425. IEEE (2010) 
Publisher‚Äôs Note Springer Nature remains neutral with regard to  jurisdictional claims in published maps and institutional affiliations. 
Michael H. Ostertag is a PhD candidate at UC San Diego in the  Department of Electrical and Computer Engineering, advised by Prof.  Tajana Simunic Rosing. After receiving B.S./M.S. degrees from the  Rochester Institute of Technology, he worked at BlackBox Biometrics  developing technology to help detect mild traumatic brain injury in  soldiers and athletes. His research interests include environmental  sensing using distributed sensors and autonomous robotic platforms. 
Nikolay Atanasov is an Assistant Professor of Electrical and Computer  Engineering at the University of California San Diego. He obtained a  Ph.D. degree in Electrical and Systems Engineering from the University of Pennsylvania in 2015. His research focuses on robotics, control  theory, and machine learning. He works on probabilistic models that  unify geometry and semantics in simultaneous localization and mapping (SLAM) and optimal control and reinforcement learning techniques for active perception. 
Tajana ≈†imuniƒá Rosing is a Professor, a holder of the Fratamico  Endowed Chair, IEEE & ACM Fellow, and a director of System Energy  Efficiency Lab at UCSD. Her research interests are in energy efficient  computing, computer architecture, and cyberphysical systems. Prior  to coming to UCSD, she was a research scientist at HP Labs while also  leading research efforts at Stanford University. She finished her PhD  in EE in 2001 at Stanford, concurrently with finishing her Masters in  Engineering Management.  Prior to her PhD, she worked as a senior  design engineer at Altera, now Intel. 
Page 19 of 19    2 Journal of Intelligent & Robotic Systems (2022) 106: 2 
",Trajectory Planning and Optimization for Minimizing Uncertainty.pdf,0
